,commits,contributors,github_rank,created_date,language,top_contrib,updated_date,watchers
0x,3054,15,4,2017/05/23,TypeScript,LogvinovLeon,2018/02/01,350
accelerator network,12,2,380,2017/09/19,JavaScript,acceleratornetwork,2017/11/12,1
acchain,24,3,313,2017/07/14,C++,iliaselmatani,2018/01/04,13
ace,10,1,392,2017/09/10,JavaScript,alerdenisov,2017/11/01,7
achain,120,6,160,2017/09/07,C++,meenxio,2018/01/31,100
adex,233,4,111,2017/08/11,JavaScript,Ivshti,2018/01/31,40
adshares,219,2,119,2016/12/13,Objective-C,picostocks,2018/01/11,8
advanced internet blocks,23,3,316,2017/12/16,C++,jingfei05,2018/01/20,5
aelf,227,11,115,2017/11/25,C#,xtaci,2018/02/01,207
aeon,44,16,243,2014/06/06,C++,iamsmooth,2018/01/30,223
aerium,30,1,285,2017/11/11,C,aeriumcoin,2018/01/15,4
aeron,10,2,398,2017/08/12,,aeronaero,2018/01/09,14
aeternity,898,20,41,2017/08/09,Erlang,lucafavatella,2018/02/01,296
agoras tokens,1,2,555,2015/04/01,C++,naturalog,2018/01/18,80
aidos kuneen,21,2,329,2017/05/19,Java,Nos-Manus,2018/01/30,8
aigang,82,3,189,2017/06/05,JavaScript,lukaskai,2018/01/29,21
aion,10,1,393,2017/07/28,,aion-developer,2018/01/23,2
airswap,5,2,453,2017/10/05,JavaScript,dmosites,2018/01/26,19
alis,173,3,137,2017/07/27,JavaScript,sot528,2018/02/01,33
allion,5,1,454,2017/04/04,C++,EpyxZ,2017/07/02,1
allsafe,6,1,449,2017/06/16,C++,Securitybank,2017/12/28,1
alqo,15,2,357,2017/11/01,C++,ALQOCRYPTO,2018/01/29,13
ambrosus,211,6,122,2017/04/12,JavaScript,vanruch,2018/01/28,43
amsterdamcoin,155,100,147,2017/07/19,C++,laanwj,2017/11/21,2
anarchistsprime,7,1,428,2017/08/23,C++,AnarchistsPrime,2017/12/15,3
anoncoin,9,100,402,2017/10/29,C++,laanwj,2018/01/27,10
antimatter,1,1,569,2017/06/13,C++,pirateblocks,2018/01/22,1
appcoins,214,5,120,2017/10/16,Java,FredericoSantinho,2018/02/01,50
aquariuscoin,1,100,575,2016/12/24,C++,laanwj,2017/06/04,2
aragon,36,6,265,2017/03/01,JavaScript,bpierre,2018/02/01,291
arcticcoin,1,2,562,2016/08/22,C++,DenisZagvozkin,2018/01/30,20
argentum,6,2,443,2017/11/13,JavaScript,magmahindenburg,2017/12/21,1
ark,688,39,62,2016/11/13,JavaScript,luciorubeens,2018/01/30,186
asch,239,13,110,2016/09/01,JavaScript,sqfasd,2018/01/31,303
atlant,7,2,424,2017/10/03,JavaScript,varsize,2018/01/29,10
atmchain,122,1,158,2017/09/29,C,leo-xinwang,2018/01/26,5
atn,34,1,270,2017/12/20,JavaScript,HuJingwei,2018/01/26,2
audiocoin,8,10,420,2015/01/13,C++,billotronic,2018/01/04,3
augur,1633,22,11,2014/12/06,TypeScript,joeykrug,2018/02/01,345
aware,47,1,236,2017/12/08,HTML,ikingqu,2017/12/24,1
bancor,773,7,57,2017/02/15,JavaScript,barakman,2018/01/31,349
bankex,39,2,257,2017/11/10,JavaScript,skywinder,2018/01/31,165
basic attention token,29,4,289,2017/03/16,TeX,locklin,2018/01/28,112
bata,354,4,91,2015/05/11,C++,JustinPercy,2017/12/16,5
bean cash,66,3,208,2015/02/24,C++,teambean,2017/11/16,4
berncash,1,2,547,2016/02/20,C,BERNiecoin,2016/11/16,3
biblepay,194,1,127,2017/07/18,C++,biblepay,2018/01/30,15
bigup,1,1,541,2016/02/19,C++,BigUps,2018/01/09,1
billionaire token,106,1,176,2017/10/14,Python,gluedog,2017/10/16,0
binance coin,845,100,48,2017/11/24,C++,laanwj,2018/01/30,1
birds,2,1,513,2017/07/21,C++,Birdsdev,2017/07/21,0
bismuth,1154,10,25,2015/07/23,Python,hclivess,2018/01/31,94
bitasean,33,6,279,2017/04/22,C++,ByteCodeTeam,2017/09/02,3
bitboost,1,1,565,2017/09/22,,kilazi,2017/10/25,1
bitcedi,4,1,460,2016/05/14,C++,lulworm,2018/01/05,1
bitcloud,33,2,276,2017/08/15,C++,limxdev,2018/01/30,13
bitcoal,4,1,469,2017/11/07,,bitcoal,2018/01/19,3
bitcoin,1669,100,9,2010/12/19,C++,laanwj,2018/02/01,26882
bitcoin cash,1075,100,29,2017/05/01,C++,laanwj,2018/02/01,482
bitcoin diamond,36,3,268,2017/12/20,C++,007pig,2018/01/31,65
bitcoin gold,897,100,42,2017/07/23,C++,laanwj,2018/01/31,492
bitcoin plus,54,96,224,2015/10/10,C,laanwj,2017/12/06,6
bitcoin scrypt,17,2,350,2015/09/09,C++,Spidersbox,2018/01/20,4
bitconnect,11,1,387,2016/12/31,C++,bitconnectcoin,2018/02/01,95
bitcore,112,5,168,2017/04/24,C++,limxdev,2018/01/30,36
bitcurrency,23,3,322,2017/10/27,C++,tokyoghetto,2017/12/06,1
bitdegree,25,2,310,2017/09/13,JavaScript,errb,2018/01/28,15
bitfid,2,1,515,2017/08/23,C++,FidChain,2017/08/23,0
bitmark,12,5,381,2014/06/24,C++,MarkPfennig,2018/01/28,36
bitok,10,1,395,2017/03/14,C++,ForexC,2018/01/31,0
bitquark,44,9,242,2016/06/06,C++,quark-project,2018/01/27,14
bitradio,3,1,485,2016/11/18,C++,thebitradio,2018/01/24,35
bitsend,146,12,150,2015/07/30,C++,limxdev,2018/01/20,24
bitserial,401,100,86,2017/09/18,Go,obscuren,2017/10/27,2
bitshares,284,35,102,2015/10/12,C++,theoreticalbts,2018/02/01,623
bitstar,1,3,571,2014/07/17,C++,bitstar,2017/03/29,3
bitswift,1,4,577,2014/12/23,C,Stoner19,2018/01/09,9
bittokens,3,1,486,2016/11/12,C++,BitTokens,2017/11/24,0
blackmoon,9,1,399,2017/09/11,JavaScript,snick,2018/01/18,20
blakecoin,3,2,490,2013/10/06,C++,BlueDragon747,2018/01/27,8
blazercoin,9,1,408,2017/04/01,C++,FlikkaFlak,2017/04/01,0
blocknet,929,100,39,2017/07/20,C++,laanwj,2018/01/31,42
blockpool,139,18,152,2017/04/18,JavaScript,karmacoma,2017/12/20,4
blockv,15,1,355,2017/10/01,,lukasfluri,2018/02/01,19
bodhi,597,2,69,2017/08/10,JavaScript,dwalintukan,2018/01/29,16
bolenum,7,1,426,2017/06/17,,ElRakabawi,2017/08/27,3
bonpay,400,35,87,2017/12/20,Kotlin,409H,2017/12/20,0
boostcoin,66,3,207,2016/02/04,C,mammix2,2018/01/18,3
boscoin,173,9,136,2016/12/27,HTML,yeshtml5,2018/01/20,57
bottos,110,6,170,2017/09/01,Go,bottoszhangwei,2018/01/31,35
breakout,9,1,409,2016/06/13,C,BreakoutCoin,2017/08/23,5
breakout stake,9,1,412,2016/06/13,C,BreakoutCoin,2017/08/23,5
bridgecoin,679,67,63,2017/11/14,JavaScript,svk31,2018/02/01,43
britcoin,2,1,523,2016/10/27,C,greenmo000,2017/09/14,1
bubble,32,1,280,2017/06/06,C++,spayse,2017/06/08,1
bulwark,77,5,196,2017/12/01,C++,bulwark-crypto,2018/01/31,25
burst,1350,25,16,2017/07/20,Java,ac0v,2018/02/01,90
buzzcoin,257,7,108,2017/10/07,C++,awitherow,2018/01/30,10
byteball bytes,498,21,77,2016/09/05,JavaScript,tonyofbyteball,2018/01/31,316
bytecoin,11,4,385,2014/03/09,C++,ekimmo,2018/01/31,366
bytom,500,15,75,2017/07/14,Go,gguoss,2018/02/01,360
c-bit,11,1,389,2017/09/03,C++,Infernoman,2018/01/11,4
cachecoin,13,2,375,2014/01/05,C++,kalgecin,2017/06/23,2
campuscoin,14,4,367,2017/07/11,C++,campuscoindev,2018/01/21,12
cannabiscoin,22,2,324,2014/06/07,C++,Bushstar,2018/01/16,22
cannacoin,2,100,506,2014/02/25,C++,laanwj,2018/01/24,12
cannation,4,1,461,2017/04/09,C++,cannationproject,2017/04/09,0
canyacoin,14,1,362,2017/10/08,,canya-io,2018/01/29,5
cappasity,23,2,319,2017/10/07,JavaScript,AVVS,2018/01/29,9
capricoin,6,2,440,2015/07/16,C++,Capricoinofficial,2017/12/28,5
carboncoin,12,1,382,2014/06/30,C++,carboncoinadministrator,2018/01/12,7
cardano,5469,63,2,2016/10/14,Haskell,gromakovsky,2018/02/01,1869
cartaxi token,2,1,519,2017/08/17,JavaScript,redspirit,2017/09/29,2
catcoin,137,4,153,2017/08/24,JavaScript,k06a,2018/01/27,33
centra,21,2,330,2017/07/13,,nechesov,2017/12/23,9
chaincoin,1664,100,10,2014/01/18,C++,laanwj,2018/02/01,71
chainlink,74,4,199,2016/09/16,Ruby,se3000,2018/01/27,141
chancoin,729,100,59,2017/07/24,C++,laanwj,2018/01/13,6
chips,654,100,65,2017/10/02,C++,laanwj,2018/01/30,1
chronobank,283,12,103,2016/11/13,JavaScript,ahiatsevich,2018/01/22,45
chronologic,141,6,151,2017/07/12,JavaScript,toshendra,2018/01/19,29
cindicator,18,2,344,2017/07/18,Python,korcky,2018/01/28,68
civic,50,4,229,2017/05/15,JavaScript,stewart42,2018/01/27,13
cloakcoin,38,3,259,2017/12/31,C,CloakProjectDev,2018/01/23,3
cobinhood,61,11,211,2017/09/14,JavaScript,photon3108,2018/01/31,49
coinlancer,3,1,473,2017/09/26,,Coinlancer,2017/12/20,3
coinonat,55,6,221,2017/08/08,C++,Denlon210,2018/01/13,6
coinonatx,54,5,225,2018/01/03,C++,Denlon210,2018/01/07,1
colossuscoinxt,171,100,140,2017/09/06,C++,laanwj,2018/01/29,19
copico,14,1,371,2017/09/07,C++,copicogithub1,2018/01/03,2
counterparty,28,23,295,2013/12/15,PLpgSQL,adamkrellenstein,2018/01/28,226
cream,45,1,239,2017/06/10,C++,creamcoin,2017/12/07,2
creativecoin,240,100,109,2017/01/28,C++,laanwj,2018/01/28,22
credence coin,3,1,493,2017/10/30,,XYZ1345,2017/10/30,0
crowdcoin,60,7,214,2017/11/14,C++,shmest,2018/01/29,6
crown,384,100,88,2016/06/09,C++,laanwj,2018/01/20,9
cryptonex,4,1,466,2017/08/12,C++,Cryptonex,2018/01/26,9
cryptonite,24,3,315,2016/10/10,C++,pallas1,2017/12/21,14
cubits,4,1,464,2016/03/25,C++,scificrypto,2017/11/29,2
curecoin,40,10,248,2014/05/10,C++,cygnusxi,2018/01/30,55
cybermiles,9,1,405,2017/10/18,JavaScript,longzhi,2018/01/15,5
darcrus,7,1,435,2017/03/18,HTML,sigwo,2018/01/15,2
dash,284,100,101,2014/05/01,C++,laanwj,2018/02/01,887
dcorp,7,1,427,2017/05/12,,frankbonnet,2018/01/26,10
decentraland,79,24,192,2016/12/26,JavaScript,chjj,2018/01/25,113
decision token,14,1,370,2017/09/06,JavaScript,duckranger,2018/01/13,3
decred,416,86,84,2016/01/26,Go,davecgh,2018/02/01,273
deeponion,155,15,148,2017/07/08,C,brakmic,2018/02/01,153
delphy,224,100,116,2017/07/06,Go,obscuren,2018/01/03,3
dentacoin,23,2,321,2017/07/03,,neptox,2018/01/18,7
deutsche emark,79,5,194,2013/10/11,C++,Rumhocker,2018/01/02,7
dfscoin,31,2,284,2017/07/06,C++,NicoDFS,2017/08/30,1
diamond,223,100,118,2017/09/15,C++,laanwj,2018/01/29,8
digibyte,1838,100,8,2014/01/12,C++,laanwj,2018/02/01,199
digital money bits,9,1,404,2017/05/12,C++,DMBcryptocurrency,2018/01/23,1
digitalcoin,61,100,213,2017/11/11,C++,laanwj,2018/01/14,5
digitalnote,2,7,521,2015/06/06,C++,xdn-project,2018/01/23,55
digitalprice,48,1,232,2017/10/09,Python,u3mur4,2017/10/18,1
district0x,52,6,228,2016/11/21,Clojure,madvas,2018/02/01,336
divi,55,3,223,2017/07/12,C++,MZaf,2017/12/27,3
dnotes,9,2,407,2015/02/18,C++,DNotesCoin,2018/01/08,6
dogecoin,2,100,529,2013/12/06,C++,laanwj,2018/01/31,1767
donationcoin,9,2,403,2014/06/24,C++,donationcoin-project,2017/01/15,2
dovu,316,9,97,2017/03/20,Python,miohtama,2018/02/01,666
dragonchain,12,11,383,2016/08/22,Python,micylt,2018/01/31,510
droxne,24,1,314,2017/07/24,C++,droxdev,2017/11/11,3
dynamic,159,100,146,2016/11/21,C++,laanwj,2018/01/30,11
e-coin,6,1,445,2017/02/05,C++,ecoinclub,2018/01/17,1
e-gulden,163,100,142,2014/09/26,C++,laanwj,2018/01/04,6
ea coin,4,1,462,2017/10/31,C++,eacapital,2017/10/31,0
eaglecoin,3,1,476,2017/11/07,,elangindonesia,2017/11/07,0
echolink,71,1,203,2017/06/28,JavaScript,schen88,2018/01/31,20
edgeless,2,1,511,2016/12/15,,EdgelessCasino,2018/01/29,29
einsteinium,73,100,201,2017/07/01,C++,laanwj,2018/01/06,31
elastic,175,1,135,2017/04/02,C,sprocket-fpga,2018/01/02,16
electroneum,340,100,93,2017/10/31,C++,moneromooo-monero,2018/01/31,216
elementrem,36,1,264,2016/07/04,Go,elementrem,2018/01/08,5
ellaism,669,96,64,2017/10/21,Go,obscuren,2018/01/29,17
eltcoin,14,2,364,2017/10/13,JavaScript,vfaramond,2018/01/23,4
embers,2,1,534,2017/12/02,Python,pdobacz,2017/12/02,1
emercoin,68,100,205,2016/02/20,C++,laanwj,2018/01/25,66
energycoin,1,3,540,2015/06/01,C++,Waecrum,2017/08/30,1
enigma,19,1,334,2017/11/07,C++,TeamIntellect,2017/12/19,1
enjin coin,596,8,70,2017/08/23,JavaScript,yudilevi,2018/01/24,34
eos,2688,78,5,2017/04/05,C++,heifner,2018/02/01,4186
equitrader,22,2,323,2017/08/22,C++,equitrader,2018/01/23,6
erc20,2,1,524,2017/11/07,,Ownagez,2018/01/17,2
ergo,1072,8,30,2017/06/13,Scala,catena2w,2018/01/30,17
eroscoin,1,1,549,2017/08/24,,eroscoinofficial,2017/11/12,1
espers,30,8,288,2016/09/10,C,CryptoCoderz,2018/01/14,18
eternity,6,2,444,2016/09/18,C++,eternity-group,2018/01/29,12
ethereum,834,100,49,2013/12/26,Go,obscuren,2018/02/01,13214
ethereum classic,928,97,40,2016/07/18,Go,obscuren,2018/02/01,246
etherparty,1,8,557,2015/08/10,JavaScript,whitj00,2018/01/31,231
ethlend,109,5,171,2017/06/24,,LendWarrior,2018/02/01,53
eurocoin,9,1,413,2015/07/01,C++,martindigicom,2017/10/18,2
europecoin,6,4,439,2016/07/08,C++,limxdev,2018/01/20,10
evergreencoin,49,6,231,2015/10/25,C,EverGreenCoinDev,2018/01/27,8
evil coin,1,1,548,2015/12/03,C++,coins4lunch,2017/12/02,0
exclusivecoin,14,7,369,2016/07/07,C++,io-eightyeight,2017/12/20,7
experience points,115,8,165,2017/09/26,C++,Naruto,2018/01/31,63
factom,937,48,38,2015/09/17,Go,PaulSnow,2018/01/26,116
faircoin,4,2,459,2014/05/26,C++,thokon00,2017/09/28,32
fairgame,7,1,425,2017/12/18,JavaScript,FairGame2017,2018/01/30,4
farad,108,2,174,2017/07/12,JavaScript,1ofdafew,2018/01/11,2
fastcoin,416,5,83,2013/05/29,C++,fastcoinproject,2018/01/23,27
feathercoin,71,100,202,2013/10/26,C++,laanwj,2018/01/30,105
fedoracoin,1,100,542,2016/06/26,C++,laanwj,2018/01/14,9
fincoin,2,2,495,2017/06/03,C++,Fincoinltd,2017/06/03,0
florincoin,7,100,429,2014/06/17,C++,laanwj,2018/01/30,28
fluttercoin,25,7,312,2014/06/30,C++,ofeefee,2018/02/01,7
flypme,15,2,354,2017/09/20,JavaScript,holycto,2018/01/12,10
footy cash,6,1,438,2017/08/06,C++,clifer,2018/01/19,3
force,36,4,266,2017/11/04,C++,Nillecram,2018/01/12,13
fujicoin,777,100,56,2014/06/15,C++,laanwj,2018/01/10,3
fujinto,1,1,551,2017/08/11,,fujinto,2017/11/07,3
fundyourselfnow,28,2,294,2017/02/01,JavaScript,kryptoslab,2018/01/29,11
funfair,44,3,241,2017/07/30,C#,ohopton,2018/01/27,3
game.com,4,1,458,2017/12/02,C++,gtccoins,2017/12/30,0
gamecredits,6,10,441,2015/06/16,C++,noise23,2017/12/25,6
gameunits,14,100,366,2016/06/14,C++,laanwj,2017/12/17,2
gas,117,19,161,2015/05/31,C#,shargon,2018/02/01,1797
genaro network,16,2,352,2017/06/30,JavaScript,GenaroSanada,2018/01/29,15
genesis vision,195,4,126,2017/12/14,C#,d-ugarov,2018/01/30,13
geysercoin,43,2,246,2017/05/02,C++,geysercoin,2018/01/27,6
gifto,33,1,278,2017/11/07,,drbillnguyen,2017/12/20,1
glasscoin,2,1,498,2017/10/16,C++,bretskiejr,2017/10/16,0
global tour coin,117,4,164,,,MecerBear,,
globalcoin,1,7,543,2014/01/14,C++,muddafudda,2017/05/09,3
globaltoken,1582,100,13,2017/03/21,C++,laanwj,2018/02/01,2
gnosis,182,10,133,2017/08/17,CSS,denisgranha,2018/02/01,167
gobyte,14,2,361,2017/11/15,C++,GoByteDev,2018/01/29,18
gold reward token,8,1,417,2017/10/26,,goldreward,2017/11/23,1
goldblocks,10,4,391,2016/05/13,C++,goldblocks,2017/11/29,4
golem,1591,30,12,2015/11/18,Python,badb,2018/02/01,2141
golos,196,30,125,2016/08/04,C++,mvandeberg,2018/01/22,51
gpu coin,21,3,328,2016/04/26,C++,white92d15b7,2017/02/19,0
greencoin,3,100,470,2015/12/16,C++,laanwj,2018/01/28,5
grid+,53,1,227,2017/05/24,Go,alex-miller-0,2018/01/31,33
gridcoin,845,34,47,2014/08/26,C++,gridcoin,2018/01/30,283
grimcoin,43,1,244,2017/10/17,C++,GrimReaperCoins,2018/01/29,5
groestlcoin,2,100,499,2015/07/17,C++,laanwj,2018/01/13,13
growers international,8,1,415,2017/07/14,C++,growersintl,2017/08/09,0
gulden,33,100,277,2015/08/13,C++,laanwj,2018/02/01,71
guncoin,37,100,261,2014/05/01,C++,laanwj,2018/01/29,3
gxshares,214,2,121,2017/08/10,C++,zhuliting,2018/01/29,77
halcyon,1,1,544,2014/12/16,C,ghostlander,2017/10/08,1
halloween coin,1,2,563,2017/04/09,C++,hallodev,2017/06/04,1
happycoin,20,1,332,2017/04/02,C++,happycoinmaster,2018/01/09,4
hempcoin,19,4,338,2014/03/03,C++,withthelemons,2018/01/27,25
hexx,327,17,95,2018/01/10,C++,insomp,2018/01/30,0
hicoin,1,1,558,2016/01/12,C++,hicoindev,2017/05/28,3
hobonickels,31,7,281,2013/08/05,C++,Tranz5,2017/04/22,8
hodlcoin,61,100,212,2016/01/14,C++,laanwj,2018/01/25,20
hollywoodcoin,13,1,372,2017/10/19,C++,Hollywoodcoiin,2018/01/22,2
honey,28,3,296,2017/03/10,C++,cryptostiltskin,2018/01/13,2
hshare,17,1,347,2017/06/29,C,Hcash2017,2018/01/26,97
htmlcoin,26,4,302,2014/09/25,C++,Bushstar,2018/01/19,28
humaniq,18,2,340,2017/01/28,JavaScript,bashalex,2018/02/01,40
huncoin,2,1,512,2016/02/17,C++,ygzen,2017/04/17,0
hush,364,100,90,2017/06/16,C++,laanwj,2018/01/31,56
hyper,1,1,570,2017/04/15,C++,CryptoDatabase,2017/04/28,0
hyperstake,27,17,297,2014/12/01,C++,presstab,2018/01/28,15
icon,46,12,237,2017/07/11,Python,caerang,2018/01/31,131
iexec rlc,708,4,61,2016/12/26,Java,lodygens,2018/01/07,11
incakoin,18,5,339,2016/06/27,C++,madross,2018/01/28,4
influxcoin,3,5,483,2015/08/19,C++,sigwo,2017/12/21,3
ink,123,7,157,2017/10/26,Go,wangh09,2018/02/01,85
innova,17,4,346,2017/10/19,C++,abdurahman1,2018/01/16,8
intensecoin,172,9,139,2017/07/15,C++,valiant1x,2018/02/01,36
internet of people,78,100,195,2017/06/10,C++,laanwj,2017/12/15,9
interstellar holdings,34,2,273,2017/11/01,C++,azuraes,2017/11/29,3
ion,269,20,105,2018/01/21,C++,Infernoman,2018/01/27,2
iot chain,47,1,234,2017/12/11,C++,Markmartin,2018/02/01,15
iota,814,28,53,2016/10/25,Java,alon-e,2018/02/01,787
iquant,1,1,545,2017/12/21,,IquantChain,2017/12/21,0
iticoin,2,1,525,2016/06/19,C++,sppl,2017/10/31,1
jin coin,15,1,359,2018/01/08,,JinCoin,2018/01/08,0
joulecoin,13,100,377,2013/09/22,C++,laanwj,2018/01/18,9
karma,17,2,345,2017/12/23,C++,ruslansalikhov,2018/01/30,7
kekcoin,1,1,538,2017/07/23,C++,SatoshisCat,2018/01/19,2
kin,55,4,222,2017/09/05,JavaScript,lbeder,2018/01/31,53
kingn coin,2,1,533,2017/06/07,C++,ulandort,2018/01/07,2
komodo,7310,27,1,2016/01/07,C,jl777,2018/01/31,29
kronecoin,8,1,419,2017/07/15,C++,Kronecoin,2018/01/31,0
kyber network,1166,9,22,2017/07/06,CSS,andrewsource,2018/01/28,103
lamden,161,3,144,2017/07/26,Python,jmunsch,2018/01/30,21
latoken,58,5,217,2017/09/12,JavaScript,ElKornacio,2018/01/24,4
lbry credits,988,34,37,2015/08/20,Python,jackrobison,2018/02/01,3672
leacoin,1,2,552,2015/03/30,C++,leacoin,2016/12/14,0
leocoin,5,1,452,2017/06/12,C++,LEOcoin-dev,2017/10/31,2
leverj,54,5,226,2017/10/19,JavaScript,jsonsivar,2017/11/16,2
linda,37,6,260,2017/07/04,C++,nisanb,2018/01/22,23
link platform,80,2,191,2018/01/24,JavaScript,superkarolis,2018/01/24,0
linx,92,2,182,2017/06/01,C++,danlinx,2018/01/23,8
lisk,3500,37,3,2016/02/01,JavaScript,karmacoma,2018/02/01,1852
litebar,18,2,341,2016/03/26,C++,Spidersbox,2017/04/21,0
litebitcoin,103,3,178,2017/06/23,C++,litebitcoins,2018/01/04,1
litecoin,797,100,54,2012/06/13,C++,laanwj,2018/02/01,2762
litecoin plus,14,1,365,2017/08/15,C++,Spidersbox,2017/12/16,4
lockchain,2,1,527,2017/09/23,,lockchainco,2018/01/19,10
lomocoin,4,2,465,2016/04/25,C++,xdwangchn,2018/01/02,15
loopring,431,12,81,2017/08/22,TypeScript,dong77,2018/02/01,131
luckchain,5,1,455,2016/10/28,C,LuckBash,2018/02/01,6
lunyr,30,4,286,2017/01/27,,arnpham,2018/01/30,108
luxcoin,618,10,66,2017/10/02,C++,216k155,2018/02/01,37
lykke,320,6,96,2017/05/10,C#,AndreyAndreev,2017/10/26,14
machinecoin,57,3,219,2014/01/06,C++,Gitju,2018/01/08,3
madcoin,3,2,487,2017/12/22,C++,madcoin-project,2018/01/08,2
magnet,44,3,240,2017/11/13,C++,FredericRezeau,2018/01/22,16
magnetcoin,7,2,431,2017/04/26,C++,magnetcoindev,2018/01/05,1
maidsafecoin,31,20,283,2015/04/02,Rust,ustulation,2018/01/31,558
mao zedong,17,1,349,2017/06/17,C++,mao-zedongx,2018/01/08,2
marscoin,7,100,430,2014/02/13,C++,laanwj,2018/01/29,4
martexcoin,45,1,238,2015/02/09,C++,marcianovc,2018/02/01,19
masternodecoin,11,1,384,2017/08/16,C++,masternodecoin,2017/11/29,3
matryx,100,5,180,2017/09/07,C#,EthanVanderHorn,2018/01/31,393
measurable data token,3,1,491,2017/08/01,,measurabledata,2017/08/01,0
medibloc,7,1,436,2017/06/26,JavaScript,bauser,2018/01/06,2
medishares,47,4,235,2017/08/29,HTML,mytangying,2018/01/12,5
megacoin,8,100,418,2017/09/23,C++,laanwj,2018/01/20,1
melon,340,17,92,2017/03/17,JavaScript,luongnt95,2018/01/31,284
mercury,7,1,437,2017/03/18,HTML,sigwo,2018/01/15,2
metaverse etp,550,10,71,2016/10/30,C++,betachen,2018/02/01,120
micromoney,16,2,353,2017/08/30,PHP,micro-money,2018/01/27,14
minexcoin,27,4,298,2017/07/21,C++,wirwolf,2018/01/28,12
mintcoin,10,11,397,2014/08/01,C++,Fuzzbawls,2018/01/29,25
modum,35,2,269,2017/08/08,JavaScript,tbocek,2018/01/28,11
moeda loyalty points,176,1,134,2017/08/28,JavaScript,erkmos,2018/01/26,8
monacoin,818,100,51,2014/01/01,C++,laanwj,2018/02/01,214
monero,1069,100,31,2014/04/30,C++,moneromooo-monero,2018/02/01,2422
monetaryunit,34,1,274,2017/06/27,C++,BBoBBG,2018/01/23,17
monetha,162,5,143,2017/11/05,JavaScript,frostiq,2018/01/23,2
monkey project,40,2,252,2017/11/20,C++,konez2k,2018/01/17,16
mooncoin,13,2,376,2017/11/29,C++,bkrith,2018/01/28,16
musicoin,743,100,58,2016/10/31,Go,obscuren,2018/01/30,116
mustangcoin,2,1,503,2017/05/08,C++,mustangcoin,2017/05/08,0
myriad,173,100,138,2015/08/16,C++,laanwj,2018/02/01,28
mysterium,989,11,36,2017/01/26,Go,Waldz,2018/02/01,359
mywish,28,2,293,2017/08/08,TypeScript,truekubas,2017/10/11,1
namocoin,15,1,358,2017/08/06,C++,namocoin,2017/08/06,0
nav coin,508,8,73,2017/02/22,C++,aguycalled,2018/01/29,56
neblio,183,11,132,2017/07/26,C++,TheQuantumPhysicist,2018/01/30,51
nebulas,1279,22,19,2017/09/13,JavaScript,royshang,2018/02/01,276
nekonium,286,5,100,2017/06/27,HTML,nekonium,2018/02/01,21
nem,37,4,262,2015/04/19,Java,Jaguar0625,2018/02/01,217
neo,117,19,163,2015/05/31,C#,shargon,2018/02/01,1805
neumark,71,3,204,2017/09/02,TypeScript,krzkaczor,2018/01/31,134
neuro,29,1,290,2017/06/06,C++,zencd,2018/01/14,4
neutron,102,5,179,2017/09/06,C++,eroninjapan,2018/01/22,8
nexus,104,14,177,2015/07/29,C++,VidereLicet,2018/01/27,60
nimiq,1278,24,20,2017/05/09,JavaScript,styppo,2018/02/01,713
noblecoin,3,89,471,2018/01/03,C++,laanwj,2018/01/03,0
nolimitcoin,39,4,253,2016/08/10,C++,sambhavsharma,2018/01/07,4
novacoin,2,100,516,2014/01/28,C++,laanwj,2018/01/31,67
nuls,1062,6,32,2017/09/28,Java,niels1286,2018/02/01,133
numeraire,123,5,156,2017/02/21,JavaScript,xanderdunn,2018/02/01,219
numus,6,1,447,2017/12/15,C++,numuscrypto,2018/01/24,6
nvo,2,1,507,2017/05/17,,nvoproject,2018/01/18,20
nyancoin,1,4,556,2015/06/19,C++,vmp32k,2017/12/10,2
obsidian,19,4,337,2017/08/30,C++,netsfx,2018/01/28,27
okcash,25,100,309,2016/11/30,C++,laanwj,2018/01/16,160
olympus labs,500,4,76,2017/11/27,JavaScript,whoisNeoHuang,2018/01/31,6
omisego,83,6,188,2018/01/17,Python,DavidKnott,2018/01/31,213
ong.social,1,1,564,2017/07/13,,ong-deployment,2017/07/13,0
onix,1,38,576,2017/12/18,Shell,maraoz,2017/12/18,2
op coin,3,1,472,2017/11/13,C++,rfo92,2017/11/13,0
opus,40,5,251,2017/06/23,JavaScript,chennyhaohao,2018/01/22,100
ox fina,22,1,325,2017/06/19,,cryptotalk,2017/06/29,1
oxycoin,21,4,331,2017/07/01,JavaScript,vekexasia,2017/11/16,4
oyster,374,6,89,2017/09/05,PHP,AaronVasquez,2018/01/30,15
paccoin,18,4,343,2017/11/16,C++,wmcorless,2018/01/31,33
pakcoin,3,2,478,2015/06/06,C++,drwatson84,2018/01/02,7
paragon,2,1,508,2017/09/16,,paragon-coin,2017/11/08,15
particl,2056,100,7,2017/07/17,C++,laanwj,2018/01/29,55
pascal coin,66,5,206,2016/07/12,Pascal,PascalCoin,2018/02/01,164
pascal lite,26,4,304,2017/08/17,Pascal,xiphon,2018/01/22,6
payfair,16,1,351,2017/09/20,Vue,Navlis93,2018/01/31,2
paypie,3,1,481,2017/10/07,,win2win,2018/01/23,2
peercoin,291,100,99,2012/07/28,C++,laanwj,2018/01/31,361
pesetacoin,8,3,421,2017/02/09,C++,xaxuke,2017/09/06,2
phantomx,9,1,400,2017/10/09,C++,phantomxdev,2018/01/24,4
philosopher stones,2,12,497,2017/09/21,C++,palmd,2017/09/21,0
phoenixcoin,9,2,401,2013/11/01,C++,ghostlander,2018/01/18,10
phore,598,100,68,2018/01/19,C++,laanwj,2018/01/23,0
photon,14,5,363,2014/02/20,C++,cinnamoncoin,2018/01/31,8
pillar,94,5,181,2017/05/15,JavaScript,gustavoguimaraes,2018/01/31,29
pinkcoin,38,5,258,2017/02/28,C++,PinkDev,2018/01/07,14
pioneer coin,2,1,500,2017/10/04,C++,PCOIN,2018/01/27,1
pirl,114,3,167,2017/08/24,Go,masterdubs,2018/01/22,15
pivx,717,100,60,2016/01/30,C++,laanwj,2018/01/30,215
playercoin,2,2,501,2017/08/11,C++,bumbacoin,2017/08/11,0
playkey,23,2,318,2017/09/29,JavaScript,brainfrog,2017/12/20,5
plncoin,79,100,193,2017/09/23,C++,laanwj,2018/01/24,1
pluscoin,11,1,386,2017/08/09,,dsplus,2018/01/26,3
po.et,263,7,107,2017/01/05,TypeScript,lautarodragan,2018/01/29,60
polis,468,100,78,2017/12/19,C++,laanwj,2018/01/27,8
popularcoin,10,3,394,2014/11/04,C++,CryptvJet,2016/07/03,1
populous,2,1,528,2017/04/21,JavaScript,zlatinov,2018/02/01,15
postcoin,2,3,522,2016/08/16,C++,genavarov,2017/07/04,2
postoken,7,1,432,2017/08/21,JavaScript,PoSToken,2018/01/30,10
pressone,4,1,467,2017/10/12,,robbiecalvert,2017/11/14,6
primulon,2,1,530,2017/07/08,C++,primulondev,2017/07/08,0
privatix,17,3,348,2017/09/28,JavaScript,kalloc,2017/10/31,2
prizm,11,1,390,2017/02/01,Java,prizmspace,2018/01/27,8
profile utility token,5,1,450,2017/03/26,C++,PutinCoinPUT,2018/01/26,2
prospectors gold,34,1,272,2017/03/22,,ProspectorsWorld,2017/12/20,0
publica,65,2,209,2017/12/28,Vue,vjaceslavsh,2018/01/17,2
pura,2,1,520,2017/09/04,C++,puracore,2018/01/13,15
pure,9,2,414,2017/09/16,C++,puredev321,2018/01/29,6
pylon network,25,2,311,2017/08/29,JavaScript,klenergy,2017/11/03,1
qlink,29,3,291,2017/12/28,,ariesunny,2018/01/27,10
qora,34,6,271,2015/03/15,Java,agran,2018/01/28,41
qtum,1090,100,28,2017/03/03,C++,laanwj,2018/02/01,699
quantstamp,87,2,184,2017/08/25,JavaScript,sstewart2012,2018/02/01,49
quantum resistant ledger,1321,25,17,2016/10/16,Python,cyyber,2018/01/29,253
qvolta,31,1,282,2017/08/06,,mxnr,2017/12/20,4
radium,43,100,245,2017/12/09,C++,laanwj,2018/01/11,3
raiden network token,1468,39,14,2016/01/29,Python,hackaugusto,2018/02/01,1213
rchain,1120,24,26,2017/03/09,Java,KentShikama,2018/02/01,133
rebellious,3,1,480,2017/11/09,JavaScript,RebelliousToken,2018/01/30,5
red pulse,1,1,536,2017/12/20,C#,metachris,2018/01/23,7
reddcoin,15,100,356,2014/03/18,C++,laanwj,2018/01/30,239
renos,48,2,233,2017/02/26,C++,RenosCoin,2018/01/28,8
request network,295,9,98,2017/11/07,JavaScript,vrolland,2018/02/01,205
revain,2,1,532,2017/08/26,,pavlovdog,2018/01/31,3
ripio credit network,37,1,263,2017/09/22,JavaScript,Agusx1211,2018/01/23,16
ripple,229,58,114,2011/11/07,C++,JoelKatz,2018/02/01,2420
rise,59,2,216,2017/07/26,TypeScript,vekexasia,2018/01/28,8
royalties,607,4,67,2017/07/13,C++,Vetro7,2018/01/27,7
rsgpcoin,1,1,550,2017/07/07,C++,ulandort,2017/07/07,0
rubycoin,26,2,305,2014/02/10,C++,FuzzyHobbit,2018/01/26,23
rupaya,9,1,406,2017/09/29,C++,rupaya-project,2017/09/29,0
rupee,14,3,368,2017/03/28,C++,rupeedigitalassets,2018/01/09,10
russiacoin,19,2,335,2016/09/04,C++,RussiaCoinDotInfo,2018/01/28,1
sacoin,2,1,502,2017/08/30,C++,sacoin,2017/08/30,0
safe exchange coin,7,3,434,2016/02/11,Rust,dallyshalla,2017/12/30,74
sagacoin,9,2,411,2017/12/02,C++,sagacrypto,2018/01/17,10
santiment network token,1029,7,35,2017/03/10,JavaScript,valo,2018/01/23,15
scorecoin,27,5,299,2017/02/23,C++,marksteven2017,2018/01/18,6
sequence,159,100,145,2016/11/21,C++,laanwj,2018/01/30,11
sexcoin,22,7,326,2013/06/20,C++,lavajumper,2018/01/29,12
shift,74,11,198,2017/01/24,JavaScript,TheGoldenEye,2018/01/31,36
shilling,1,1,553,2016/07/15,C++,yavwa,2018/01/19,4
siacoin,1429,46,15,2014/10/17,Go,DavidVorick,2018/02/01,2310
sibcoin,112,100,169,2015/08/25,C++,laanwj,2018/01/24,24
signatum,147,4,149,2017/07/18,C++,signatumd,2018/01/28,29
simple token,795,11,55,2017/10/24,JavaScript,kedarchandrayan,2018/01/31,40
sirin labs token,232,3,112,2017/11/09,JavaScript,lbeder,2018/01/26,15
sisa,2,1,526,2017/10/06,,SISAteam,2017/10/06,0
skycoin,1296,38,18,2013/12/25,Go,iketheadore,2018/02/01,327
smartcash,456,14,80,2017/04/09,C++,leoreinaux,2018/01/31,31
smartcoin,23,100,317,2017/04/17,C++,laanwj,2018/01/30,1
smartmesh,34,4,275,2017/12/27,Go,cc14514,2018/01/30,16
smileycoin,109,7,173,2014/08/19,C++,dagurtomas,2018/01/27,6
social send,115,7,166,2017/11/07,C++,headhunter911,2018/01/29,8
soilcoin,20,30,333,2017/05/04,JavaScript,frozeman,2017/08/31,3
sojourn,3,1,492,2017/09/14,,sojournagain,2017/12/16,1
solarcoin,137,5,154,2015/06/30,C++,onsightit,2018/01/30,43
solaris,197,100,124,2017/09/30,C++,laanwj,2018/01/21,9
soma,3,1,482,2017/07/14,JavaScript,tcichowicz,2018/01/26,6
sonm,1154,12,24,2017/07/26,Go,sshaman1101,2018/02/01,200
sono,18,1,342,2017/09/08,C++,altcommunitycoin,2018/01/22,7
spankchain,73,3,200,2017/06/24,JavaScript,yogeshgo05,2018/02/01,24
spectrecoin,1,1,535,2018/01/29,,spectrecoin,2018/01/29,0
sportyco,3,1,474,2017/11/21,,sportyfi,2018/01/25,1
spreadcoin,2,5,496,2015/03/05,C++,Mr-Spread,2017/12/31,6
starbase,26,3,307,2017/08/12,JavaScript,gustavoguimaraes,2017/12/07,7
starcash network,4,1,463,2017/10/30,C++,cybernetik7,2017/10/30,0
status,1039,100,34,2016/02/22,Clojure,rasom,2018/02/01,1889
stealthcoin,23,2,320,2014/06/26,C,StealthSend,2018/01/17,17
steem,849,43,46,2016/03/23,C++,mvandeberg,2018/02/01,973
steem dollars,849,43,45,2016/03/23,C++,mvandeberg,2018/02/01,973
stellar,501,43,74,2014/11/24,C,graydon,2018/02/01,1230
steneum coin,1,1,554,2017/11/21,C++,dhabitafx,2017/11/23,0
sterlingcoin,39,7,256,2014/11/07,C++,spencerlievens,2017/04/19,1
storj,190,28,129,2016/02/02,JavaScript,bookchin,2018/02/01,402
storjcoin x,190,28,130,2016/02/02,JavaScript,bookchin,2018/01/23,400
storm,109,3,172,2017/10/01,JavaScript,maximo,2018/02/01,5
stox,85,1,185,2017/07/20,JavaScript,lbeder,2018/01/27,32
straks,75,7,197,2017/11/16,C++,squbs,2018/02/01,31
stratis,1045,41,33,2016/09/03,C#,dangershony,2018/02/01,361
streamr datacoin,132,2,155,2017/07/14,Python,miohtama,2018/01/29,8
strikebitclub,3,1,489,2017/10/02,C++,sbccoin,2017/10/02,0
substratum,2,33,518,2017/07/30,JavaScript,nicholaschum,2018/01/18,8
sumokoin,84,8,187,2017/04/26,C++,haruto-tanno,2018/01/31,89
suncontract,42,2,247,2017/05/27,,lukapusic,2017/11/18,6
super bitcoin,855,100,44,2017/11/16,C++,laanwj,2018/02/01,95
supercoin,3,1,475,2014/11/27,C++,thirstygerry,2018/01/08,2
swarm city,548,9,72,2017/03/07,JavaScript,sponnet,2017/12/30,33
syndicate,26,5,303,2017/10/03,C++,lvilar,2018/01/12,6
syscoin,209,100,123,2016/02/29,C++,laanwj,2018/01/29,50
tao,12,4,378,2016/06/09,C++,bryceweiner,2018/01/30,10
tenx,40,66,250,2017/12/11,JavaScript,debris,2018/01/23,1
terracoin,107,100,175,2017/09/21,C++,laanwj,2018/01/30,7
teslacoin,4,2,468,2017/06/21,C++,TeslacoinFoundation,2018/01/13,1
thegcccoin,27,2,300,2017/08/10,C++,pavik,2017/11/04,2
theresa may coin,3,1,477,2017/06/25,C++,ZuluFourM1ke,2017/06/25,0
tierion,13,5,374,2016/06/27,JavaScript,jasonbukowski,2018/01/31,26
time new bank,26,3,306,2017/10/22,JavaScript,fanxiong,2018/01/15,6
tittiecoin,1,2,546,2014/01/28,C++,Raroun,2018/01/20,8
toacoin,81,1,190,2017/05/14,C++,toacoin,2017/10/19,2
transfercoin,10,5,396,2015/08/11,C++,Infernoman,2018/01/22,7
trollcoin,3,3,484,2015/11/30,C++,youngwebs,2017/08/12,2
tron,1160,33,23,2017/12/26,Java,zhaohong,2018/02/01,977
truckcoin,15,4,360,2014/07/26,C++,noise23,2016/01/23,0
ubiq,12,100,379,2016/11/19,Go,obscuren,2018/01/28,50
ultimate secure cash,2,1,504,2017/04/21,C++,SilentTrader,2017/04/21,0
uniform fiscal object,39,100,254,2014/02/10,C++,laanwj,2018/01/07,6
unify,39,7,255,2017/06/15,C++,bumbacoin,2017/11/16,5
unikoin gold,121,2,159,2017/10/07,JavaScript,shanefontaine,2018/02/01,15
united bitcoin,1260,100,21,2017/11/30,C++,laanwj,2018/01/30,30
unitus,117,3,162,2016/04/24,C++,nzsquirrell,2018/01/27,10
universal currency,25,1,308,2015/04/27,C++,unitcurrency,2017/12/11,4
universe,13,1,373,2017/03/11,C++,UniverseUNI,2017/03/12,0
unobtanium,7,10,422,2014/06/18,C++,bryceweiner,2018/01/31,10
vcash,232,6,113,2016/07/18,JavaScript,whphhg,2018/01/31,34
verge,419,42,82,2016/01/23,C,mkinney,2018/02/01,1220
vericoin,57,100,218,2014/10/19,C++,laanwj,2018/01/24,81
veriumreserve,50,100,230,2016/05/12,C++,laanwj,2018/02/01,24
vertcoin,1102,100,27,2017/02/07,C++,laanwj,2018/02/01,259
vezt,5,2,456,2017/12/14,,postables,2017/12/28,0
viacoin,59,100,215,2017/05/20,C++,laanwj,2018/01/30,49
vibe,7,1,423,2017/08/03,,amack2u,2018/01/27,3
virta unique coin,4,2,457,2017/07/06,C++,virtauniquecoin,2018/01/24,4
virtacoinplus,5,1,451,2017/03/03,C++,abledigital1,2018/01/15,3
virtualcoin,815,100,52,2018/01/07,C++,moneromooo-monero,2018/01/07,0
viuly,1,1,560,2017/11/03,,Hirama,2018/01/18,2
vivo,8,1,416,2017/12/15,C++,vivocoin,2018/02/01,10
votecoin,467,100,79,2017/08/11,C++,laanwj,2018/01/29,13
vpncoin,7,1,433,2017/03/12,C,Bit-Net,2018/01/14,5
vulcano,2,1,514,2017/08/18,C++,vulcanodev,2017/12/04,1
wagerr,63,6,210,,,WagerrTor,,
wandx,6,1,446,2017/09/20,JavaScript,abhinavramesh,2017/11/27,1
waves,2275,30,6,2016/04/17,Scala,ismagin,2018/02/01,444
wax,1,1,567,2017/12/01,PHP,DoctorMcKay,2018/01/18,9
wings,6,19,448,2016/06/20,HTML,borispovod,2018/01/23,12
woodcoin,2,100,505,2017/03/16,C++,laanwj,2017/06/09,1
xaurum,2,1,517,2016/08/08,,XaurumTeam,2017/12/22,4
xgox,84,2,186,2017/10/16,C++,bumbacoin,2018/01/26,4
xtrabytes,165,6,141,2017/04/12,C,jcpbs,2018/02/01,73
yenten,55,2,220,2017/10/28,C++,conan-equal-newone,2018/01/26,41
zap,189,6,131,2017/09/07,JavaScript,block8437,2018/01/17,5
zcash,406,100,85,2014/11/22,C++,laanwj,2018/02/01,3421
zclassic,192,100,128,2016/11/05,C++,laanwj,2018/01/31,175
zcoin,273,16,104,2016/09/10,C++,psolstice,2018/01/29,244
zeitcoin,30,5,287,2014/02/11,C++,ray77,2018/01/16,8
zencash,267,100,106,2017/06/09,C++,laanwj,2018/01/30,106
zero,334,100,94,2017/11/28,C++,laanwj,2018/01/23,9
zetacoin,26,100,301,2013/08/03,C++,laanwj,2018/01/31,30
zilbercoin,1,1,559,2017/01/25,C++,Zilbercoin,2018/01/28,2
zoin,223,4,117,2017/08/26,C++,mattt21,2018/02/01,17
zozocoin,21,3,327,2017/11/15,C++,itexpertengineer,2018/01/05,2
zurcoin,40,10,249,2017/09/03,C++,zurdev2,2017/12/16,2
